{
  "clean": {
    "accuracy": 1.0,
    "precision": 1.0,
    "recall": 1.0,
    "f1": 1.0,
    "roc_auc": 1.0
  },
  "pgd": {
    "accuracy": 0.8571428571428571,
    "precision": 0.8,
    "recall": 1.0,
    "f1": 0.8888888888888888,
    "roc_auc": 0.6666666666666667,
    "asr": 0.14285714285714285
  }
}