{
  "accuracy": 0.8571428571428571,
  "precision": 0.8,
  "recall": 1.0,
  "f1": 0.8888888888888888,
  "roc_auc": 0.8333333333333334
}