{
  "clean": {
    "accuracy": 0.6244,
    "precision": 0.6402796571944068,
    "recall": 0.5678,
    "f1": 0.6018655925376298,
    "roc_auc": 0.66862215
  },
  "fgsm": {
    "accuracy": 0.05005,
    "precision": 0.04637564270591794,
    "recall": 0.046,
    "f1": 0.04618705758321201,
    "roc_auc": 0.011193759999999997,
    "asr": 0.9198430493273543
  },
  "ifgsm": {
    "accuracy": 0.0221,
    "precision": 0.019601930036188178,
    "recall": 0.0195,
    "f1": 0.019550832163625426,
    "roc_auc": 0.0028103599999999987,
    "asr": 0.9646060217809097
  },
  "pgd": {
    "accuracy": 0.23155,
    "precision": 0.20855498860058624,
    "recall": 0.1921,
    "f1": 0.19998958929779814,
    "roc_auc": 0.142328125,
    "asr": 0.62916399743754
  },
  "mifgsm": {
    "accuracy": 0.22225,
    "precision": 0.19995678945662743,
    "recall": 0.1851,
    "f1": 0.19224178220906682,
    "roc_auc": 0.13303172000000002,
    "asr": 0.6440582959641256
  },
  "nifgsm": {
    "accuracy": 0.31055,
    "precision": 0.2981353223228556,
    "recall": 0.2798,
    "f1": 0.28867681196801653,
    "roc_auc": 0.236088305,
    "asr": 0.502642536835362
  },
  "deepfool": {
    "accuracy": 0.1674,
    "precision": 0.004026245153593797,
    "recall": 0.0027,
    "f1": 0.0032323716030168803,
    "roc_auc": 0.016022354999999995,
    "asr": 0.7319026265214607
  },
  "cw": {
    "accuracy": 0.49305,
    "precision": 0.4920435031482541,
    "recall": 0.4298,
    "f1": 0.4588203896450494,
    "roc_auc": 0.63254667,
    "asr": 0.2103619474695708
  },
  "square": {
    "accuracy": 0.4474,
    "precision": 0.45083193120209386,
    "recall": 0.4823,
    "f1": 0.4660353657358199,
    "roc_auc": 0.561355255,
    "asr": 0.283472133247918
  },
  "autoattack": {
    "accuracy": 0.21685,
    "precision": 0.19628874825699882,
    "recall": 0.183,
    "f1": 0.18941158205247632,
    "roc_auc": 0.32242080500000003,
    "asr": 0.652706598334401
  }
}