{
  "accuracy": 0.6244,
  "precision": 0.6402796571944068,
  "recall": 0.5678,
  "f1": 0.6018655925376298,
  "roc_auc": 0.66862215
}