{
  "baseline": {
    "clean": {
      "accuracy": 0.6244,
      "precision": 0.6402796571944068,
      "recall": 0.5678,
      "f1": 0.6018655925376298,
      "roc_auc": 0.66862215
    },
    "fgsm": {
      "accuracy": 0.05005,
      "precision": 0.04637564270591794,
      "recall": 0.046,
      "f1": 0.04618705758321201,
      "roc_auc": 0.011193759999999997,
      "asr": 0.9198430493273543
    },
    "ifgsm": {
      "accuracy": 0.0221,
      "precision": 0.019601930036188178,
      "recall": 0.0195,
      "f1": 0.019550832163625426,
      "roc_auc": 0.0028103599999999987,
      "asr": 0.9646060217809097
    },
    "pgd": {
      "accuracy": 0.23135,
      "precision": 0.20821114369501467,
      "recall": 0.1917,
      "f1": 0.19961472379861508,
      "roc_auc": 0.14235819,
      "asr": 0.6294843049327354
    },
    "mifgsm": {
      "accuracy": 0.22225,
      "precision": 0.19995678945662743,
      "recall": 0.1851,
      "f1": 0.19224178220906682,
      "roc_auc": 0.13303172000000002,
      "asr": 0.6440582959641256
    },
    "nifgsm": {
      "accuracy": 0.31055,
      "precision": 0.2981353223228556,
      "recall": 0.2798,
      "f1": 0.28867681196801653,
      "roc_auc": 0.236088305,
      "asr": 0.502642536835362
    },
    "deepfool": {
      "accuracy": 0.1674,
      "precision": 0.004026245153593797,
      "recall": 0.0027,
      "f1": 0.0032323716030168803,
      "roc_auc": 0.016022354999999995,
      "asr": 0.7319026265214607
    },
    "cw": {
      "accuracy": 0.49305,
      "precision": 0.4920435031482541,
      "recall": 0.4298,
      "f1": 0.4588203896450494,
      "roc_auc": 0.63254667,
      "asr": 0.2103619474695708
    },
    "square": {
      "accuracy": 0.4474,
      "precision": 0.45083193120209386,
      "recall": 0.4823,
      "f1": 0.4660353657358199,
      "roc_auc": 0.561355255,
      "asr": 0.283472133247918
    },
    "autoattack": {
      "accuracy": 0.21685,
      "precision": 0.19628874825699882,
      "recall": 0.183,
      "f1": 0.18941158205247632,
      "roc_auc": 0.32242080500000003,
      "asr": 0.652706598334401
    }
  },
  "robust": {
    "clean": {
      "accuracy": 0.5763,
      "precision": 0.5769929364278507,
      "recall": 0.5718,
      "f1": 0.5743847312908087,
      "roc_auc": 0.608745945
    },
    "fgsm": {
      "accuracy": 0.3747,
      "precision": 0.37975047984644916,
      "recall": 0.3957,
      "f1": 0.38756121449559255,
      "roc_auc": 0.322103,
      "asr": 0.3498178032274857
    },
    "ifgsm": {
      "accuracy": 0.35935,
      "precision": 0.3647205924785996,
      "recall": 0.3792,
      "f1": 0.37181938520370644,
      "roc_auc": 0.299118985,
      "asr": 0.3764532361617213
    },
    "pgd": {
      "accuracy": 0.499,
      "precision": 0.49899537874221417,
      "recall": 0.4967,
      "f1": 0.49784504360028065,
      "roc_auc": 0.49901546999999996,
      "asr": 0.13413152871768177
    },
    "mifgsm": {
      "accuracy": 0.4976,
      "precision": 0.4975893933306549,
      "recall": 0.4954,
      "f1": 0.4964922830226498,
      "roc_auc": 0.497398185,
      "asr": 0.13656081901787265
    },
    "nifgsm": {
      "accuracy": 0.51535,
      "precision": 0.5152630008948991,
      "recall": 0.5182,
      "f1": 0.5167273271177145,
      "roc_auc": 0.5226944849999999,
      "asr": 0.10576088842616693
    },
    "deepfool": {
      "accuracy": 0.04885,
      "precision": 0.0016569093118303324,
      "recall": 0.0015,
      "f1": 0.001574555188159345,
      "roc_auc": 0.008652619999999998,
      "asr": 0.9152351205969114
    },
    "cw": {
      "accuracy": 0.5497,
      "precision": 0.5501109094575519,
      "recall": 0.5456,
      "f1": 0.5478461692941058,
      "roc_auc": 0.60713219,
      "asr": 0.04615651570362658
    },
    "square": {
      "accuracy": 0.55165,
      "precision": 0.5515623440151742,
      "recall": 0.5525,
      "f1": 0.5520307738422341,
      "roc_auc": 0.60624868,
      "asr": 0.04277286135693215
    },
    "autoattack": {
      "accuracy": 0.49765,
      "precision": 0.49763985136085165,
      "recall": 0.4955,
      "f1": 0.49656762038382524,
      "roc_auc": 0.593731985,
      "asr": 0.13647405865000867
    }
  }
}